EventId,ALPRId,camera_id,V_Platenumber,timestamp,EventStepid,Event Status,Error,Customfield1,CustomField2,Error,CustomField3
E1,1,CID1,KA 03 ML 3389,4-Oct-24,1,Sucess,,Tollgate_GET,,,
E2,1,CID1,KA 03 ML 3390,5-Oct-24,2,Success,,Tollgate_POST,,,
E3,1,CID1,KA 03 ML 3391,6-Oct-24,3,Failed,,Tollgate_PUT,,,
E4,1,CID1,KA 03 ML 3392,7-Oct-24,4,Success,,Tollgate_Reply,,,
E5,2,CID2,PY 03 ML 3389,4-Oct-24,,Success,,Tollgate_GET,,,
E6,3,CID3,KA 03 ML 3390,4-Oct-24,,Success,,Tollgate_GET,,,
E7,4,CID1,KA 03 ML 3391,4-Oct-24,,Failed,ER01,Tollgate_GET,,,
E8,5,CID2,KA 03 ML 3392,4-Oct-24,,Success,,Tollgate_GET,,,
E9,6,CID3,KA 03 ML 3393,4-Oct-24,,Success,,Tollgate_GET,,,
E10,7,CID1,KA 03 NL 3394,4-Oct-24,,Failed,,Tollgate_GET,,,
E11,8,CID2,TN 03 ML 3395,4-Oct-24,,Success,,Tollgate_GET,,,
E12,9,CID3,KA 03 ML 3396,4-Oct-24,,Success,,Tollgate_GET,,,
E13,10,CID1,KA 03 ML 3397,4-Oct-24,,Success,,Tollgate_GET,,,
E14,11,CID2,NL 03 ML 3398,4-Oct-24,,Success,,Tollgate_GET,,,
E15,12,CID3,KA 03 ML 3399,4-Oct-24,,Success,,Tollgate_GET,,,
E16,13,CID1,KL 03 ML 3400,4-Oct-24,,Success,,Tollgate_GET,,,
E17,14,CID2,KA 03 ML 3401,4-Oct-24,,Success,,Tollgate_GET,,,
E18,15,CID3,KA 03 ML 3402,4-Oct-24,,Success,,Tollgate_GET,,,
E19,16,CID1,KA 03 ML 3403,4-Oct-24,,Success,,Tollgate_GET,,,
E20,17,CID2,KA 03 ML 3404,4-Oct-24,,Success,,Tollgate_GET,,,
E21,18,CID3,22 KA 03 ML 3405,4-Oct-24,,Success,,Tollgate_GET,,,
E22,19,CID1,KA 03 ML 3406,4-Oct-24,,Success,,Tollgate_GET,,,
E23,20,CID2,KA 03 ML 3407,4-Oct-24,,Failed,ER02,Tollgate_GET,,,
E24,21,CID3,KA 03 ML 3408,4-Oct-24,,Success,,Tollgate_GET,,,
E25,22,CID1,KA 03 ML 3409,4-Oct-24,,Success,,Tollgate_GET,,,
E26,23,CID2,KA 03 ML 3410,4-Oct-24,,Success,,Tollgate_GET,,,
E27,24,CID3,KA 03 ML 3411,4-Oct-24,,Success,,Tollgate_GET,,,
E28,25,CID1,RJ 03 ML 3412,4-Oct-24,,Success,,Tollgate_GET,,,
E29,26,CID2,KA 03 ML 3413,4-Oct-24,,Success,,Tollgate_GET,,,
E30,27,CID3,KA 03 ML 3414,4-Oct-24,,Success,,Tollgate_GET,,,
E31,28,CID1,KA 03 ML 3415,4-Oct-24,,Success,,Tollgate_GET,,,
E32,29,CID2,KA 03 ML 3416,4-Oct-24,,Success,,Tollgate_GET,,,
E33,30,CID3,KA 03 ML 3417,4-Oct-24,,Success,,Tollgate_GET,,,
E34,31,CID1,KA 03 ML 3418,4-Oct-24,,Success,,Tollgate_GET,,,
E35,32,CID2,KA 03 ML 3419,4-Oct-24,,Success,,Tollgate_GET,,,
E36,33,CID3,KA 03 ML 3389,4-Oct-24,,Success,,Tollgate_GET,,,
E37,34,CID1,PY 03 ML 3389,4-Oct-24,,Success,,Tollgate_GET,,,
E38,35,CID2,KA 03 ML 3390,4-Oct-24,,Success,,Tollgate_GET,,,
E39,36,CID3,KA 03 ML 3391,4-Oct-24,,Success,,Tollgate_GET,,,
E40,37,CID1,KA 03 ML 3392,4-Oct-24,,Success,,Tollgate_GET,,,
E41,38,CID2,KA 03 ML 3393,4-Oct-24,,Success,,Tollgate_GET,,,
E42,39,CID3,KA 03 NL 3394,4-Oct-24,,Success,,Tollgate_GET,,,
E43,40,CID1,TN 03 ML 3395,4-Oct-24,,Success,,Tollgate_GET,,,
E44,41,CID2,KA 03 ML 3396,4-Oct-24,,Success,,Tollgate_GET,,,
E45,42,CID3,KA 03 ML 3397,4-Oct-24,,Success,,Tollgate_GET,,,
E46,43,CID1,NL 03 ML 3398,4-Oct-24,,Success,,Tollgate_GET,,,
E47,44,CID2,KA 03 ML 3399,4-Oct-24,,Success,,Tollgate_GET,,,
E48,45,CID3,KL 03 ML 3400,4-Oct-24,,Success,,Tollgate_GET,,,
E49,46,CID1,KA 03 ML 3401,4-Oct-24,,Success,,Tollgate_GET,,,
E50,47,CID2,KA 03 ML 3402,4-Oct-24,,Success,,Tollgate_GET,,,
E51,48,CID3,KA 03 ML 3403,4-Oct-24,,Success,,Tollgate_GET,,,
E52,49,CID1,KA 03 ML 3404,4-Oct-24,,Success,,Tollgate_GET,,,
E53,50,CID2,22 KA 03 ML 3405,4-Oct-24,,Success,,Tollgate_GET,,,
E54,51,CID3,KA 03 ML 3406,4-Oct-24,,Success,,Tollgate_GET,,,
E55,52,CID1,KA 03 ML 3407,4-Oct-24,,Success,,Tollgate_GET,,,
E56,53,CID2,KA 03 ML 3408,4-Oct-24,,Success,,Tollgate_GET,,,
E57,54,CID3,KA 03 ML 3409,4-Oct-24,,Success,,Tollgate_GET,,,
E58,55,CID1,KA 03 ML 3410,4-Oct-24,,Success,,Tollgate_GET,,,
E59,56,CID2,KA 03 ML 3411,4-Oct-24,,Success,,Tollgate_GET,,,
E60,57,CID3,RJ 03 ML 3412,4-Oct-24,,Success,,Tollgate_GET,,,
E61,58,CID1,KA 03 ML 3413,4-Oct-24,,Success,,Tollgate_GET,,,
E62,59,CID2,KA 03 ML 3414,4-Oct-24,,Success,,Tollgate_GET,,,
E63,60,CID3,KA 03 ML 3415,5-Oct-24,,Success,,Tollgate_GET,,,
E64,61,CID1,KA 03 ML 3416,5-Oct-24,,Success,,Tollgate_GET,,,
E65,62,CID2,KA 03 ML 3417,5-Oct-24,,Success,,Tollgate_GET,,,
E66,63,CID3,KA 03 ML 3418,5-Oct-24,,Success,,Tollgate_GET,,,
E67,64,CID1,KA 03 ML 3419,5-Oct-24,,Success,,Tollgate_GET,,,
E68,65,CID2,KA 03 ML 3389,5-Oct-24,,Success,,Tollgate_GET,,,
E69,66,CID3,PY 03 ML 3389,5-Oct-24,,Success,,Tollgate_GET,,,
E70,67,CID1,KA 03 ML 3390,5-Oct-24,,Success,,Tollgate_GET,,,
E71,68,CID2,KA 03 ML 3391,5-Oct-24,,Success,,Tollgate_GET,,,
E72,69,CID3,KA 03 ML 3392,5-Oct-24,,Success,,Tollgate_GET,,,
E73,70,CID1,KA 03 ML 3393,5-Oct-24,,Success,,Tollgate_GET,,,
E74,71,CID2,KA 03 NL 3394,5-Oct-24,,Success,,Tollgate_GET,,,
E75,72,CID3,TN 03 ML 3395,5-Oct-24,,Success,,Tollgate_GET,,,
E76,73,CID1,KA 03 ML 3396,5-Oct-24,,Success,,Tollgate_GET,,,
E77,74,CID2,KA 03 ML 3397,5-Oct-24,,Success,,Tollgate_GET,,,
E78,75,CID3,NL 03 ML 3398,5-Oct-24,,Success,,Tollgate_GET,,,
E79,76,CID1,KA 03 ML 3399,5-Oct-24,,Success,,Tollgate_GET,,,
E80,77,CID2,KL 03 ML 3400,5-Oct-24,,Success,,Tollgate_GET,,,
E81,78,CID3,KA 03 ML 3401,5-Oct-24,,Success,,Tollgate_GET,,,
E82,79,CID1,KA 03 ML 3402,5-Oct-24,,Success,,Tollgate_GET,,,
E83,80,CID2,KA 03 ML 3403,5-Oct-24,,Success,,Tollgate_GET,,,
E84,81,CID3,KA 03 ML 3404,5-Oct-24,,Success,,Tollgate_GET,,,
E85,82,CID1,22 KA 03 ML 3405,5-Oct-24,,Success,,Tollgate_GET,,,
E86,83,CID2,KA 03 ML 3406,5-Oct-24,,Success,,Tollgate_GET,,,
E87,84,CID3,KA 03 ML 3407,5-Oct-24,,Success,,Tollgate_GET,,,
E88,85,CID1,KA 03 ML 3408,5-Oct-24,,Success,,Tollgate_GET,,,
E89,86,CID2,KA 03 ML 3409,5-Oct-24,,Success,,Tollgate_GET,,,
E90,87,CID3,KA 03 ML 3410,5-Oct-24,,Success,,Tollgate_GET,,,
E91,88,CID1,KA 03 ML 3411,5-Oct-24,,Success,,Tollgate_GET,,,
E92,89,CID2,RJ 03 ML 3412,5-Oct-24,,Success,,Tollgate_GET,,,
E93,90,CID3,KA 03 ML 3413,5-Oct-24,,Success,,Tollgate_GET,,,
E94,91,CID1,KA 03 ML 3414,5-Oct-24,,Success,,Tollgate_GET,,,
E95,92,CID2,KA 03 ML 3415,5-Oct-24,,Success,,Tollgate_GET,,,
E96,93,CID3,KA 03 ML 3416,5-Oct-24,,Success,,Tollgate_GET,,,
E97,94,CID1,KA 03 ML 3417,5-Oct-24,,Success,,Tollgate_GET,,,
E98,95,CID2,KA 03 ML 3418,5-Oct-24,,Success,,Tollgate_GET,,,
E99,96,CID3,KA 03 ML 3419,5-Oct-24,,Success,,Tollgate_GET,,,
E100,97,CID1,KA 03 ML 3413,5-Oct-24,,Success,,Tollgate_GET,,,
E101,98,CID2,KA 03 ML 3414,5-Oct-24,,Success,,Tollgate_GET,,,
E102,99,CID3,KA 03 ML 3415,5-Oct-24,,Success,,Tollgate_GET,,,
E103,100,CID1,KA 03 ML 3389,6-Oct-24,,Success,,Tollgate_GET,,,
E104,101,CID2,PY 03 ML 3389,6-Oct-24,,Success,,Tollgate_GET,,,
E105,102,CID3,KA 03 ML 3390,6-Oct-24,,Success,,Tollgate_GET,,,
E106,103,CID1,KA 03 ML 3391,6-Oct-24,,Success,,Tollgate_GET,,,
E107,104,CID2,KA 03 ML 3392,6-Oct-24,,Success,,Tollgate_GET,,,
E108,105,CID3,KA 03 ML 3393,6-Oct-24,,Success,,Tollgate_GET,,,
E109,106,CID1,KA 03 ML 3390,6-Oct-24,,Success,,Tollgate_GET,,,
E110,107,CID2,PY 03 ML 3390,6-Oct-24,,Success,,Tollgate_GET,,,
E111,108,CID3,KA 03 ML 3394,6-Oct-24,,Success,,Tollgate_GET,,,
E112,109,CID1,KA 03 ML 3395,6-Oct-24,,Success,,Tollgate_GET,,,
E113,110,CID2,KA 03 ML 3396,6-Oct-24,,Success,,Tollgate_GET,,,
E114,111,CID3,KA 03 ML 3397,6-Oct-24,,Success,,Tollgate_GET,,,
E115,112,CID1,KA 03 ML 3391,6-Oct-24,,Success,,Tollgate_GET,,,
E116,113,CID2,PY 03 ML 3391,6-Oct-24,,Success,,Tollgate_GET,,,
E117,114,CID3,KA 03 ML 3398,6-Oct-24,,Success,,Tollgate_GET,,,
E118,115,CID1,KA 03 ML 3399,6-Oct-24,,Success,,Tollgate_GET,,,
E119,116,CID2,KA 03 ML 3400,6-Oct-24,,Success,,Tollgate_GET,,,
E120,117,CID3,KA 03 ML 3401,6-Oct-24,,Failed,ER02,Tollgate_GET,,,
E121,118,CID1,KA 03 ML 3392,6-Oct-24,,Success,,Tollgate_GET,,,
E122,119,CID2,PY 03 ML 3392,6-Oct-24,,Success,,Tollgate_GET,,,
E123,120,CID3,KA 03 ML 3402,6-Oct-24,,Success,,Tollgate_GET,,,
E124,121,CID1,KA 03 ML 3403,6-Oct-24,,Success,,Tollgate_GET,,,
E125,122,CID2,KA 03 ML 3404,6-Oct-24,,Success,,Tollgate_GET,,,
E126,123,CID3,KA 03 ML 3405,6-Oct-24,,Success,,Tollgate_GET,,,
E127,124,CID1,KA 03 ML 3393,6-Oct-24,,Success,,Tollgate_GET,,,
E128,125,CID2,PY 03 ML 3393,6-Oct-24,,Success,,Tollgate_GET,,,
E129,126,CID3,KA 03 ML 3406,6-Oct-24,,Success,,Tollgate_GET,,,
E130,127,CID1,KA 03 ML 3407,6-Oct-24,,Success,,Tollgate_GET,,,
E131,128,CID2,KA 03 ML 3408,6-Oct-24,,Success,,Tollgate_GET,,,
E132,129,CID3,KA 03 ML 3409,6-Oct-24,,Success,,Tollgate_GET,,,
E133,130,CID1,KA 03 ML 3394,6-Oct-24,,Success,,Tollgate_GET,,,
E134,131,CID2,PY 03 ML 3394,6-Oct-24,,Success,,Tollgate_GET,,,
E135,132,CID3,KA 03 ML 3410,6-Oct-24,,Success,,Tollgate_GET,,,
E136,133,CID1,KA 03 ML 3411,6-Oct-24,,Success,,Tollgate_GET,,,
E137,134,CID2,KA 03 ML 3412,6-Oct-24,,Success,,Tollgate_GET,,,
E138,135,CID3,KA 03 ML 3413,6-Oct-24,,Success,,Tollgate_GET,,,
E139,136,CID1,KA 03 ML 3395,6-Oct-24,,Success,,Tollgate_GET,,,
E140,137,CID2,PY 03 ML 3395,6-Oct-24,,Success,,Tollgate_GET,,,
E141,138,CID3,KA 03 ML 3414,6-Oct-24,,Success,,Tollgate_GET,,,
E142,139,CID1,KA 03 ML 3415,6-Oct-24,,Success,,Tollgate_GET,,,
E143,140,CID2,KA 03 ML 3416,6-Oct-24,,Success,,Tollgate_GET,,,
E144,141,CID3,KA 03 ML 3417,6-Oct-24,,Success,,Tollgate_GET,,,
E145,142,CID1,KA 03 ML 3396,6-Oct-24,,Success,,Tollgate_GET,,,
E146,143,CID2,PY 03 ML 3396,6-Oct-24,,Success,,Tollgate_GET,,,
E147,144,CID3,KA 03 ML 3418,6-Oct-24,,Success,,Tollgate_GET,,,
E148,145,CID1,KA 03 ML 3419,6-Oct-24,,Success,,Tollgate_GET,,,
E149,146,CID2,KA 03 ML 3420,6-Oct-24,,Success,,Tollgate_GET,,,
E150,147,CID3,KA 03 ML 3421,6-Oct-24,,Success,,Tollgate_GET,,,
E151,148,CID1,KA 03 ML 3397,6-Oct-24,,Success,,Tollgate_GET,,,
E152,149,CID2,PY 03 ML 3397,6-Oct-24,,Success,,Tollgate_GET,,,
E153,150,CID3,KA 03 ML 3422,7-Oct-24,,Success,,Tollgate_GET,,,
E154,151,CID1,KA 03 ML 3423,7-Oct-24,,Success,,Tollgate_GET,,,
E155,152,CID2,KA 03 ML 3424,7-Oct-24,,Success,,Tollgate_GET,,,
E156,153,CID3,KA 03 ML 3425,7-Oct-24,,Success,,Tollgate_GET,,,
E157,154,CID1,KA 03 ML 3398,7-Oct-24,,Success,,Tollgate_GET,,,
E158,155,CID2,PY 03 ML 3398,7-Oct-24,,Success,,Tollgate_GET,,,
E159,156,CID3,KA 03 ML 3426,7-Oct-24,,Success,,Tollgate_GET,,,
E160,157,CID1,KA 03 ML 3427,7-Oct-24,,Success,,Tollgate_GET,,,
E161,158,CID2,KA 03 ML 3428,7-Oct-24,,Success,,Tollgate_GET,,,
E162,159,CID3,KA 03 ML 3429,8-Oct-24,,Success,,Tollgate_GET,,,
E163,160,CID1,KA 03 ML 3399,8-Oct-24,,Success,,Tollgate_GET,,,
E164,161,CID2,PY 03 ML 3399,8-Oct-24,,Success,,Tollgate_GET,,,
E165,162,CID3,KA 03 ML 3430,8-Oct-24,,Success,,Tollgate_GET,,,
E166,163,CID1,KA 03 ML 3431,8-Oct-24,,Success,,Tollgate_GET,,,
E167,164,CID2,KA 03 ML 3432,8-Oct-24,,Success,,Tollgate_GET,,,
E168,165,CID3,KA 03 ML 3433,8-Oct-24,,Success,,Tollgate_GET,,,
E169,166,CID1,KA 03 ML 3400,8-Oct-24,,Success,,Tollgate_GET,,,
E170,167,CID2,PY 03 ML 3400,8-Oct-24,,Success,,Tollgate_GET,,,
E171,168,CID3,KA 03 ML 3434,8-Oct-24,,Success,,Tollgate_GET,,,
E172,169,CID1,KA 03 ML 3435,8-Oct-24,,Success,,Tollgate_GET,,,
E173,170,CID2,KA 03 ML 3436,8-Oct-24,,Success,,Tollgate_GET,,,
E174,171,CID3,KA 03 ML 3437,8-Oct-24,,Success,,Tollgate_GET,,,
E175,172,CID1,KA 03 ML 3401,8-Oct-24,,Success,,Tollgate_GET,,,
E176,173,CID2,PY 03 ML 3401,8-Oct-24,,Success,,Tollgate_GET,,,
E177,174,CID3,KA 03 ML 3438,8-Oct-24,,Success,,Tollgate_GET,,,
E178,175,CID1,KA 03 ML 3439,8-Oct-24,,Success,,Tollgate_GET,,,
E179,176,CID2,KA 03 ML 3440,8-Oct-24,,Success,,Tollgate_GET,,,
E180,177,CID3,KA 03 ML 3441,8-Oct-24,,Success,,Tollgate_GET,,,
E181,178,CID1,KA 03 ML 3402,8-Oct-24,,Success,,Tollgate_GET,,,
E182,179,CID2,PY 03 ML 3402,8-Oct-24,,Success,,Tollgate_GET,,,
E183,180,CID3,KA 03 ML 3442,8-Oct-24,,Success,,Tollgate_GET,,,
E184,181,CID1,KA 03 ML 3443,8-Oct-24,,Success,,Tollgate_GET,,,
E185,182,CID2,KA 03 ML 3444,8-Oct-24,,Success,,Tollgate_GET,,,
E186,183,CID3,KA 03 ML 3445,8-Oct-24,,Success,,Tollgate_GET,,,
E187,184,CID1,KA 03 ML 3403,8-Oct-24,,Success,,Tollgate_GET,,,
E188,185,CID2,PY 03 ML 3403,8-Oct-24,,Success,,Tollgate_GET,,,
E189,186,CID3,KA 03 ML 3446,8-Oct-24,,Success,,Tollgate_GET,,,
E190,187,CID1,KA 03 ML 3447,8-Oct-24,,Success,,Tollgate_GET,,,
E191,188,CID2,KA 03 ML 3448,8-Oct-24,,Success,,Tollgate_GET,,,
E192,189,CID3,KA 03 ML 3449,8-Oct-24,,Success,,Tollgate_GET,,,
E193,190,CID1,KA 03 ML 3404,8-Oct-24,,Success,,Tollgate_GET,,,
E194,191,CID2,PY 03 ML 3404,8-Oct-24,,Success,,Tollgate_GET,,,
E195,192,CID3,KA 03 ML 3450,8-Oct-24,,Success,,Tollgate_GET,,,
E196,193,CID1,KA 03 ML 3451,8-Oct-24,,Success,,Tollgate_GET,,,
E197,194,CID2,KA 03 ML 3452,9-Oct-24,,Success,,Tollgate_GET,,,
E198,195,CID3,KA 03 ML 3453,9-Oct-24,,Success,,Tollgate_GET,,,
E199,196,CID1,KA 03 ML 3405,9-Oct-24,,Success,,Tollgate_GET,,,
E200,197,CID2,PY 03 ML 3405,9-Oct-24,,Success,,Tollgate_GET,,,
E201,198,CID3,KA 03 ML 3454,9-Oct-24,,Success,,Tollgate_GET,,,
E202,199,CID1,KA 03 ML 3455,9-Oct-24,,Success,,Tollgate_GET,,,
E203,200,CID2,KA 03 ML 3456,9-Oct-24,,Success,,Tollgate_GET,,,
E204,201,CID3,KA 03 ML 3457,9-Oct-24,,Success,,Tollgate_GET,,,
E205,202,CID1,KA 03 ML 3406,9-Oct-24,,Success,,Tollgate_GET,,,
E206,203,CID2,PY 03 ML 3406,9-Oct-24,,Success,,Tollgate_GET,,,
E207,204,CID3,KA 03 ML 3458,9-Oct-24,,Success,,Tollgate_GET,,,
E208,205,CID1,KA 03 ML 3459,9-Oct-24,,Success,,Tollgate_GET,,,
E209,206,CID2,KA 03 ML 3460,9-Oct-24,,Success,,Tollgate_GET,,,
E210,207,CID3,KA 03 ML 3461,9-Oct-24,,Success,,Tollgate_GET,,,
E211,208,CID1,KA 03 ML 3407,9-Oct-24,,Success,,Tollgate_GET,,,
E212,209,CID2,PY 03 ML 3407,9-Oct-24,,Success,,Tollgate_GET,,,
E213,210,CID3,KA 03 ML 3462,9-Oct-24,,Success,,Tollgate_GET,,,
E214,211,CID1,KA 03 ML 3463,9-Oct-24,,Success,,Tollgate_GET,,,
E215,212,CID2,KA 03 ML 3464,9-Oct-24,,Success,,Tollgate_GET,,,
E216,213,CID3,KA 03 ML 3465,9-Oct-24,,Success,,Tollgate_GET,,,
E217,214,CID1,KA 03 ML 3408,9-Oct-24,,Success,,Tollgate_GET,,,
E218,215,CID2,PY 03 ML 3408,9-Oct-24,,Success,,Tollgate_GET,,,
E219,216,CID3,KA 03 ML 3466,9-Oct-24,,Success,,Tollgate_GET,,,
E220,217,CID2,KA 03 ML 3467,9-Oct-24,,Success,,Tollgate_GET,,,
E221,218,CID3,KA 03 ML 3468,9-Oct-24,,Failed,ER01,Tollgate_GET,,,
E222,219,CID1,KA 03 ML 3469,9-Oct-24,,Success,,Tollgate_GET,,,
E223,220,CID2,KA 03 ML 3409,9-Oct-24,,Success,,Tollgate_GET,,,
E224,221,CID3,PY 03 ML 3409,9-Oct-24,,Success,,Tollgate_GET,,,
E225,222,CID1,KA 03 ML 3470,9-Oct-24,,Success,,Tollgate_GET,,,
E226,223,CID2,KA 03 ML 3471,9-Oct-24,,Success,,Tollgate_GET,,,
E227,224,CID3,KA 03 ML 3472,9-Oct-24,,Success,,Tollgate_GET,,,
E228,225,CID1,KA 03 ML 3473,9-Oct-24,,Success,,Tollgate_GET,,,
E229,226,CID2,KA 03 ML 3410,10-Oct-24,,Success,,Tollgate_GET,,,
E230,227,CID3,PY 03 ML 3410,10-Oct-24,,Success,,Tollgate_GET,,,
E231,228,CID1,KA 03 ML 3474,10-Oct-24,,Success,,Tollgate_GET,,,
E232,229,CID2,KA 03 ML 3475,10-Oct-24,,Success,,Tollgate_GET,,,
E233,230,CID3,KA 03 ML 3476,10-Oct-24,,Success,,Tollgate_GET,,,
E234,231,CID1,KA 03 ML 3477,10-Oct-24,,Success,,Tollgate_GET,,,
E235,232,CID2,KA 03 ML 3411,10-Oct-24,,Success,,Tollgate_GET,,,
E236,233,CID3,PY 03 ML 3411,10-Oct-24,,Success,,Tollgate_GET,,,
E237,234,CID1,KA 03 ML 3478,10-Oct-24,,Success,,Tollgate_GET,,,
E238,235,CID2,KA 03 ML 3479,10-Oct-24,,Success,,Tollgate_GET,,,
E239,236,CID3,KA 03 ML 3480,10-Oct-24,,Success,,Tollgate_GET,,,
E240,237,CID1,KA 03 ML 3481,10-Oct-24,,Success,,Tollgate_GET,,,
E241,238,CID2,KA 03 ML 3412,10-Oct-24,,Success,,Tollgate_GET,,,
E242,239,CID3,PY 03 ML 3412,10-Oct-24,,Success,,Tollgate_GET,,,
E243,240,CID1,KA 03 ML 3482,10-Oct-24,,Success,,Tollgate_GET,,,
E244,241,CID2,KA 03 ML 3483,10-Oct-24,,Success,,Tollgate_GET,,,
E245,242,CID3,KA 03 ML 3484,10-Oct-24,,Success,,Tollgate_GET,,,
E246,243,CID1,KA 03 ML 3485,10-Oct-24,,Success,,Tollgate_GET,,,
E247,244,CID2,KA 03 ML 3413,10-Oct-24,,Success,,Tollgate_GET,,,
E248,245,CID3,PY 03 ML 3413,10-Oct-24,,Success,,Tollgate_GET,,,
E249,246,CID1,KA 03 ML 3486,10-Oct-24,,Success,,Tollgate_GET,,,
E250,247,CID2,KA 03 ML 3487,10-Oct-24,,Success,,Tollgate_GET,,,
E251,248,CID3,KA 03 ML 3488,10-Oct-24,,Success,,Tollgate_GET,,,
E252,249,CID1,KA 03 ML 3489,10-Oct-24,,Success,,Tollgate_GET,,,
E253,250,CID2,KA 03 ML 3414,10-Oct-24,,Failed,ER02,Tollgate_GET,,,
E254,251,CID3,PY 03 ML 3414,10-Oct-24,,Success,,Tollgate_GET,,,
E255,252,CID1,KA 03 ML 3490,10-Oct-24,,Success,,Tollgate_GET,,,
E256,253,CID2,KA 03 ML 3491,10-Oct-24,,Success,,Tollgate_GET,,,
E257,254,CID3,KA 03 ML 3492,10-Oct-24,,Success,,Tollgate_GET,,,
E258,255,CID1,KA 03 ML 3493,10-Oct-24,,Success,,Tollgate_GET,,,
E259,256,CID2,KA 03 ML 3415,10-Oct-24,,Success,,Tollgate_GET,,,
E260,257,CID3,PY 03 ML 3415,10-Oct-24,,Success,,Tollgate_GET,,,
E261,258,CID1,KA 03 ML 3494,11-Oct-24,,Success,,Tollgate_GET,,,
E262,259,CID2,KA 03 ML 3495,11-Oct-24,,Success,,Tollgate_GET,,,
E263,260,CID3,KA 03 ML 3496,11-Oct-24,,Success,,Tollgate_GET,,,
E264,261,CID1,KA 03 ML 3497,11-Oct-24,,Success,,Tollgate_GET,,,
E265,262,CID2,KA 03 ML 3416,11-Oct-24,,Success,,Tollgate_GET,,,
E266,263,CID3,PY 03 ML 3416,11-Oct-24,,Success,,Tollgate_GET,,,
