ALPRId,camera_id,V_Platenumber,timestamp,image_path,Confidencescore,VehicleType,FuelType,RegistrationState,Error,EventsCalled
1,CID1,KA 03 ML 3389,4-Oct-24,C:/ram/,90,scooter,Petrol,KA,,Verify
2,CID2,PY 03 ML 3389,4-Oct-24,C:/ram/,90,Car,Petrol,PY,,Verify
3,CID3,KA 03 ML 3390,4-Oct-24,C:/ram/,91,truck,Diesel,KA,,Notify
4,CID1,KA 03 ML 3391,4-Oct-24,C:/ram/,92,Car,Petrol,KA,,Verify
5,CID2,KA 03 ML 3392,4-Oct-24,C:/ram/,93,truck,Diesel,KA,,Verify
6,CID3,KA 03 ML 3393,4-Oct-24,C:/ram/,94,Car,Diesel,KA,,Verify
7,CID1,KA 03 NL 3394,4-Oct-24,C:/ram/,95,Car,Petrol,KA,,Verify
8,CID2,TN 03 ML 3395,4-Oct-24,C:/ram/,96,scooter,Petrol,TN,,Verify
9,CID3,KA 03 ML 3396,4-Oct-24,C:/ram/,97,Car,Petrol,KA,,Verify
10,CID1,KA 03 ML 3397,4-Oct-24,C:/ram/,98,truck,Diesel,KA,,Verify
11,CID2,NL 03 ML 3398,4-Oct-24,C:/ram/,99,Car,Petrol,NL,,Verify
12,CID3,KA 03 ML 3399,4-Oct-24,C:/ram/,81,truck,Diesel,KA,,Verify
13,CID1,KL 03 ML 3400,4-Oct-24,C:/ram/,76,scooter,Petrol,KL,,Verify
14,CID2,KA 03 ML 3401,4-Oct-24,C:/ram/,41,Car,Petrol,KA,,Verify
15,CID3,KA 03 ML 3402,4-Oct-24,C:/ram/,90,truck,Diesel,KA,,Verify
16,CID1,KA 03 ML 3403,4-Oct-24,C:/ram/,89,Car,Petrol,KA,,Verify
17,CID2,KA 03 ML 3404,4-Oct-24,C:/ram/,94,truck,Diesel,KA,,Verify
18,CID3,22 KA 03 ML 3405,4-Oct-24,C:/ram/,94,scooter,Electric,IND,,Verify
19,CID1,KA 03 ML 3406,4-Oct-24,C:/ram/,94,Car,Petrol,KA,,Verify
20,CID2,KA 03 ML 3407,4-Oct-24,C:/ram/,94,truck,Diesel,KA,,Verify
21,CID3,KA 03 ML 3408,4-Oct-24,C:/ram/,94,Car,Electric,KA,,Notify
22,CID1,KA 03 ML 3409,4-Oct-24,C:/ram/,94,truck,Diesel,KA,,Verify
23,CID2,KA 03 ML 3410,4-Oct-24,C:/ram/,94,scooter,Petrol,KA,,Verify
24,CID3,KA 03 ML 3411,4-Oct-24,C:/ram/,94,Car,Petrol,KA,,Verify
25,CID1,RJ 03 ML 3412,4-Oct-24,C:/ram/,76,truck,Electric,RJ,,Verify
26,CID2,KA 03 ML 3413,4-Oct-24,C:/ram/,81,Car,Petrol,KA,,Verify
27,CID3,KA 03 ML 3414,4-Oct-24,C:/ram/,54,truck,Diesel,KA,,Verify
28,CID1,KA 03 ML 3415,4-Oct-24,C:/ram/,81,scooter,Petrol,KA,,Verify
29,CID2,KA 03 ML 3416,4-Oct-24,C:/ram/,82,Car,Petrol,IND,,Verify
30,CID3,KA 03 ML 3417,4-Oct-24,C:/ram/,83,truck,Petrol,KA,,Verify
31,CID1,KA 03 ML 3418,4-Oct-24,C:/ram/,84,Car,Petrol,KA,,Verify
32,CID2,KA 03 ML 3419,4-Oct-24,C:/ram/,85,truck,Diesel,KA,,Verify
33,CID3,KA 03 ML 3389,4-Oct-24,C:/ram/,90,scooter,Petrol,KA,,Verify
34,CID1,PY 03 ML 3389,4-Oct-24,C:/ram/,90,Car,Petrol,PY,,Verify
35,CID2,KA 03 ML 3390,4-Oct-24,C:/ram/,91,truck,Diesel,KA,,Verify
36,CID3,KA 03 ML 3391,4-Oct-24,C:/ram/,92,Car,Petrol,KA,,Verify
37,CID1,KA 03 ML 3392,4-Oct-24,C:/ram/,93,truck,Diesel,KA,,Verify
38,CID2,KA 03 ML 3393,4-Oct-24,C:/ram/,94,Car,Diesel,KA,,Notify
39,CID3,KA 03 NL 3394,4-Oct-24,C:/ram/,95,Car,Petrol,KA,,Verify
40,CID1,TN 03 ML 3395,4-Oct-24,C:/ram/,96,scooter,Petrol,TN,,Verify
41,CID2,KA 03 ML 3396,4-Oct-24,C:/ram/,97,Car,Petrol,KA,,Verify
42,CID3,KA 03 ML 3397,4-Oct-24,C:/ram/,98,truck,Diesel,KA,,Verify
43,CID1,NL 03 ML 3398,4-Oct-24,C:/ram/,99,Car,Electric,NL,,Verify
44,CID2,KA 03 ML 3399,4-Oct-24,C:/ram/,81,truck,Diesel,KA,,Verify
45,CID3,KL 03 ML 3400,4-Oct-24,C:/ram/,76,scooter,Petrol,KL,,Verify
46,CID1,KA 03 ML 3401,4-Oct-24,C:/ram/,41,Car,Petrol,KA,,Verify
47,CID2,KA 03 ML 3402,4-Oct-24,C:/ram/,90,truck,Diesel,KA,,Verify
48,CID3,KA 03 ML 3403,4-Oct-24,C:/ram/,89,Car,Petrol,KA,,Verify
49,CID1,KA 03 ML 3404,4-Oct-24,C:/ram/,94,truck,Diesel,KA,,Notify
50,CID2,22 KA 03 ML 3405,4-Oct-24,C:/ram/,94,scooter,Petrol,IND,,Verify
51,CID3,KA 03 ML 3406,4-Oct-24,C:/ram/,94,Car,Petrol,KA,,Verify
52,CID1,KA 03 ML 3407,4-Oct-24,C:/ram/,94,truck,Diesel,KA,,Verify
53,CID2,KA 03 ML 3408,4-Oct-24,C:/ram/,94,Car,Petrol,KA,,Verify
54,CID3,KA 03 ML 3409,4-Oct-24,C:/ram/,94,truck,Diesel,KA,,Verify
55,CID1,KA 03 ML 3410,4-Oct-24,C:/ram/,94,scooter,Petrol,KA,,Notify
56,CID2,KA 03 ML 3411,4-Oct-24,C:/ram/,94,Car,Petrol,KA,,Verify
57,CID3,RJ 03 ML 3412,4-Oct-24,C:/ram/,76,truck,Petrol,RJ,,Verify
58,CID1,KA 03 ML 3413,4-Oct-24,C:/ram/,81,Car,Petrol,KA,,Verify
59,CID2,KA 03 ML 3414,4-Oct-24,C:/ram/,54,truck,Electric,KA,,Verify
60,CID3,KA 03 ML 3415,5-Oct-24,C:/ram/,81,scooter,Petrol,KA,,Verify
61,CID1,KA 03 ML 3416,5-Oct-24,C:/ram/,82,Car,Petrol,IND,,Verify
62,CID2,KA 03 ML 3417,5-Oct-24,C:/ram/,83,truck,Petrol,KA,,Verify
63,CID3,KA 03 ML 3418,5-Oct-24,C:/ram/,84,Car,Petrol,KA,,Verify
64,CID1,KA 03 ML 3419,5-Oct-24,C:/ram/,85,truck,Diesel,KA,,Verify
65,CID2,KA 03 ML 3389,5-Oct-24,C:/ram/,90,scooter,Petrol,KA,,Verify
66,CID3,PY 03 ML 3389,5-Oct-24,C:/ram/,90,Car,Petrol,PY,,Verify
67,CID1,KA 03 ML 3390,5-Oct-24,C:/ram/,91,truck,Electric,KA,,validate
68,CID2,KA 03 ML 3391,5-Oct-24,C:/ram/,92,Car,Petrol,KA,,Verify
69,CID3,KA 03 ML 3392,5-Oct-24,C:/ram/,93,truck,Diesel,KA,,Verify
70,CID1,KA 03 ML 3393,5-Oct-24,C:/ram/,94,Car,Electric,KA,,Verify
71,CID2,KA 03 NL 3394,5-Oct-24,C:/ram/,95,Car,Petrol,KA,,Verify
72,CID3,TN 03 ML 3395,5-Oct-24,C:/ram/,96,scooter,Petrol,TN,,Notify
73,CID1,KA 03 ML 3396,5-Oct-24,C:/ram/,97,Car,Petrol,KA,,Verify
74,CID2,KA 03 ML 3397,5-Oct-24,C:/ram/,98,truck,Diesel,KA,,Verify
75,CID3,NL 03 ML 3398,5-Oct-24,C:/ram/,99,Car,Petrol,NL,,Verify
76,CID1,KA 03 ML 3399,5-Oct-24,C:/ram/,81,truck,Diesel,KA,,Verify
77,CID2,KL 03 ML 3400,5-Oct-24,C:/ram/,76,scooter,Petrol,KL,,validate
78,CID3,KA 03 ML 3401,5-Oct-24,C:/ram/,41,Car,Petrol,KA,,Verify
79,CID1,KA 03 ML 3402,5-Oct-24,C:/ram/,90,truck,Diesel,KA,,Verify
80,CID2,KA 03 ML 3403,5-Oct-24,C:/ram/,89,Car,Petrol,KA,,Verify
81,CID3,KA 03 ML 3404,5-Oct-24,C:/ram/,94,truck,Diesel,KA,,Verify
82,CID1,22 KA 03 ML 3405,5-Oct-24,C:/ram/,94,scooter,Petrol,IND,,Verify
83,CID2,KA 03 ML 3406,5-Oct-24,C:/ram/,94,Car,Petrol,KA,,Check
84,CID3,KA 03 ML 3407,5-Oct-24,C:/ram/,94,truck,Diesel,KA,,Verify
85,CID1,KA 03 ML 3408,5-Oct-24,C:/ram/,94,Car,Petrol,KA,,Verify
86,CID2,KA 03 ML 3409,5-Oct-24,C:/ram/,94,truck,Diesel,KA,,Verify
87,CID3,KA 03 ML 3410,5-Oct-24,C:/ram/,94,scooter,Petrol,KA,,Verify
88,CID1,KA 03 ML 3411,5-Oct-24,C:/ram/,94,Car,Petrol,KA,,Verify
89,CID2,RJ 03 ML 3412,5-Oct-24,C:/ram/,76,truck,Petrol,RJ,,Verify
90,CID3,KA 03 ML 3413,5-Oct-24,C:/ram/,81,Car,Petrol,KA,,Verify
91,CID1,KA 03 ML 3414,5-Oct-24,C:/ram/,54,truck,Diesel,KA,,Verify
92,CID2,KA 03 ML 3415,5-Oct-24,C:/ram/,81,scooter,Petrol,KA,,Verify
93,CID3,KA 03 ML 3416,5-Oct-24,C:/ram/,82,Car,Petrol,IND,,Verify
94,CID1,KA 03 ML 3417,5-Oct-24,C:/ram/,83,truck,Electric,KA,,Verify
95,CID2,KA 03 ML 3418,5-Oct-24,C:/ram/,84,Car,Electric,KA,,Verify
96,CID3,KA 03 ML 3419,5-Oct-24,C:/ram/,85,truck,Diesel,KA,,Verify
97,CID1,KA 03 ML 3413,5-Oct-24,C:/ram/,81,Car,Petrol,KA,,Verify
98,CID2,KA 03 ML 3414,5-Oct-24,C:/ram/,54,truck,Diesel,KA,,Verify
99,CID3,KA 03 ML 3415,5-Oct-24,C:/ram/,81,scooter,Petrol,KA,,Notify
100,CID1,KA 03 ML 3389,6-Oct-24,C:/ram/,90,scooter,Petrol,KA,,Verify
101,CID2,PY 03 ML 3389,6-Oct-24,C:/ram/,90,Car,Petrol,PY,,Verify
102,CID3,KA 03 ML 3390,6-Oct-24,C:/ram/,91,truck,Diesel,KA,,Notify
103,CID1,KA 03 ML 3391,6-Oct-24,C:/ram/,92,Car,Petrol,KA,,Verify
104,CID2,KA 03 ML 3392,6-Oct-24,C:/ram/,93,truck,Diesel,KA,,Verify
105,CID3,KA 03 ML 3393,6-Oct-24,C:/ram/,94,Car,Diesel,KA,,Verify
106,CID1,KA 03 ML 3390,6-Oct-24,C:/ram/,95,Car,Petrol,KA,,Verify
107,CID2,PY 03 ML 3390,6-Oct-24,C:/ram/,96,scooter,Petrol,TN,,Verify
108,CID3,KA 03 ML 3394,6-Oct-24,C:/ram/,97,Car,Petrol,KA,,Verify
109,CID1,KA 03 ML 3395,6-Oct-24,C:/ram/,98,truck,Diesel,KA,,Verify
110,CID2,KA 03 ML 3396,6-Oct-24,C:/ram/,99,Car,Petrol,NL,,Verify
111,CID3,KA 03 ML 3397,6-Oct-24,C:/ram/,81,truck,Diesel,KA,,Verify
112,CID1,KA 03 ML 3391,6-Oct-24,C:/ram/,76,scooter,Petrol,KL,,Verify
113,CID2,PY 03 ML 3391,6-Oct-24,C:/ram/,41,Car,Petrol,KA,,Verify
114,CID3,KA 03 ML 3398,6-Oct-24,C:/ram/,90,truck,Diesel,KA,,Verify
115,CID1,KA 03 ML 3399,6-Oct-24,C:/ram/,89,Car,Petrol,KA,,Verify
116,CID2,KA 03 ML 3400,6-Oct-24,C:/ram/,94,truck,Diesel,KA,,Verify
117,CID3,KA 03 ML 3401,6-Oct-24,C:/ram/,94,scooter,Electric,IND,,Verify
118,CID1,KA 03 ML 3392,6-Oct-24,C:/ram/,94,Car,Petrol,KA,,Verify
119,CID2,PY 03 ML 3392,6-Oct-24,C:/ram/,94,truck,Diesel,KA,,Verify
120,CID3,KA 03 ML 3402,6-Oct-24,C:/ram/,94,Car,Electric,KA,,Notify
121,CID1,KA 03 ML 3403,6-Oct-24,C:/ram/,90,truck,Diesel,KA,,Verify
122,CID2,KA 03 ML 3404,6-Oct-24,C:/ram/,90,scooter,Petrol,KA,,Verify
123,CID3,KA 03 ML 3405,6-Oct-24,C:/ram/,91,Car,Petrol,KA,,Verify
124,CID1,KA 03 ML 3393,6-Oct-24,C:/ram/,92,truck,Electric,RJ,,Verify
125,CID2,PY 03 ML 3393,6-Oct-24,C:/ram/,93,Car,Petrol,KA,,Verify
126,CID3,KA 03 ML 3406,6-Oct-24,C:/ram/,94,truck,Diesel,KA,,Verify
127,CID1,KA 03 ML 3407,6-Oct-24,C:/ram/,95,scooter,Petrol,KA,,Verify
128,CID2,KA 03 ML 3408,6-Oct-24,C:/ram/,96,Car,Petrol,IND,,Verify
129,CID3,KA 03 ML 3409,6-Oct-24,C:/ram/,97,truck,Petrol,KA,,Verify
130,CID1,KA 03 ML 3394,6-Oct-24,C:/ram/,98,Car,Petrol,KA,,Verify
131,CID2,PY 03 ML 3394,6-Oct-24,C:/ram/,99,truck,Diesel,KA,,Verify
132,CID3,KA 03 ML 3410,6-Oct-24,C:/ram/,81,scooter,Petrol,KA,,Verify
133,CID1,KA 03 ML 3411,6-Oct-24,C:/ram/,76,Car,Petrol,PY,,Verify
134,CID2,KA 03 ML 3412,6-Oct-24,C:/ram/,41,truck,Diesel,KA,,Verify
135,CID3,KA 03 ML 3413,6-Oct-24,C:/ram/,90,Car,Petrol,KA,,Verify
136,CID1,KA 03 ML 3395,6-Oct-24,C:/ram/,89,truck,Diesel,KA,,Verify
137,CID2,PY 03 ML 3395,6-Oct-24,C:/ram/,94,Car,Diesel,KA,,Notify
138,CID3,KA 03 ML 3414,6-Oct-24,C:/ram/,94,Car,Petrol,KA,,Verify
139,CID1,KA 03 ML 3415,6-Oct-24,C:/ram/,94,scooter,Petrol,TN,,Verify
140,CID2,KA 03 ML 3416,6-Oct-24,C:/ram/,94,Car,Petrol,KA,,Verify
141,CID3,KA 03 ML 3417,6-Oct-24,C:/ram/,94,truck,Diesel,KA,,Verify
142,CID1,KA 03 ML 3396,6-Oct-24,C:/ram/,90,Car,Electric,NL,,Verify
143,CID2,PY 03 ML 3396,6-Oct-24,C:/ram/,90,truck,Diesel,KA,,Verify
144,CID3,KA 03 ML 3418,6-Oct-24,C:/ram/,91,scooter,Petrol,KL,,Verify
145,CID1,KA 03 ML 3419,6-Oct-24,C:/ram/,92,Car,Petrol,KA,,Verify
146,CID2,KA 03 ML 3420,6-Oct-24,C:/ram/,93,truck,Diesel,KA,,Verify
147,CID3,KA 03 ML 3421,6-Oct-24,C:/ram/,94,Car,Petrol,KA,,Verify
148,CID1,KA 03 ML 3397,6-Oct-24,C:/ram/,95,truck,Diesel,KA,,Notify
149,CID2,PY 03 ML 3397,6-Oct-24,C:/ram/,96,scooter,Petrol,IND,,Verify
150,CID3,KA 03 ML 3422,7-Oct-24,C:/ram/,97,Car,Petrol,KA,,Verify
151,CID1,KA 03 ML 3423,7-Oct-24,C:/ram/,98,truck,Diesel,KA,,Verify
152,CID2,KA 03 ML 3424,7-Oct-24,C:/ram/,99,Car,Petrol,KA,,Verify
153,CID3,KA 03 ML 3425,7-Oct-24,C:/ram/,81,truck,Diesel,KA,,Verify
154,CID1,KA 03 ML 3398,7-Oct-24,C:/ram/,76,scooter,Petrol,KA,,Notify
155,CID2,PY 03 ML 3398,7-Oct-24,C:/ram/,41,Car,Petrol,KA,,Verify
156,CID3,KA 03 ML 3426,7-Oct-24,C:/ram/,90,truck,Petrol,RJ,,Verify
157,CID1,KA 03 ML 3427,7-Oct-24,C:/ram/,89,Car,Petrol,KA,,Verify
158,CID2,KA 03 ML 3428,7-Oct-24,C:/ram/,94,truck,Electric,KA,,Verify
159,CID3,KA 03 ML 3429,8-Oct-24,C:/ram/,94,scooter,Petrol,KA,,Verify
160,CID1,KA 03 ML 3399,8-Oct-24,C:/ram/,94,Car,Petrol,IND,,Verify
161,CID2,PY 03 ML 3399,8-Oct-24,C:/ram/,94,truck,Petrol,KA,,Verify
162,CID3,KA 03 ML 3430,8-Oct-24,C:/ram/,94,Car,Petrol,KA,,Verify
163,CID1,KA 03 ML 3431,8-Oct-24,C:/ram/,90,truck,Diesel,KA,,Verify
164,CID2,KA 03 ML 3432,8-Oct-24,C:/ram/,90,scooter,Petrol,KA,,Verify
165,CID3,KA 03 ML 3433,8-Oct-24,C:/ram/,91,Car,Petrol,PY,,Verify
166,CID1,KA 03 ML 3400,8-Oct-24,C:/ram/,92,truck,Electric,KA,,validate
167,CID2,PY 03 ML 3400,8-Oct-24,C:/ram/,93,Car,Petrol,KA,,Verify
168,CID3,KA 03 ML 3434,8-Oct-24,C:/ram/,94,truck,Diesel,KA,,Verify
169,CID1,KA 03 ML 3435,8-Oct-24,C:/ram/,95,Car,Electric,KA,,Verify
170,CID2,KA 03 ML 3436,8-Oct-24,C:/ram/,96,Car,Petrol,KA,,Verify
171,CID3,KA 03 ML 3437,8-Oct-24,C:/ram/,97,scooter,Petrol,TN,,Notify
172,CID1,KA 03 ML 3401,8-Oct-24,C:/ram/,98,Car,Petrol,KA,,Verify
173,CID2,PY 03 ML 3401,8-Oct-24,C:/ram/,99,truck,Diesel,KA,,Verify
174,CID3,KA 03 ML 3438,8-Oct-24,C:/ram/,81,Car,Petrol,NL,,Verify
175,CID1,KA 03 ML 3439,8-Oct-24,C:/ram/,76,truck,Diesel,KA,,Verify
176,CID2,KA 03 ML 3440,8-Oct-24,C:/ram/,41,scooter,Petrol,KL,,validate
177,CID3,KA 03 ML 3441,8-Oct-24,C:/ram/,90,Car,Petrol,KA,,Verify
178,CID1,KA 03 ML 3402,8-Oct-24,C:/ram/,89,truck,Diesel,KA,,Verify
179,CID2,PY 03 ML 3402,8-Oct-24,C:/ram/,94,Car,Petrol,KA,,Verify
180,CID3,KA 03 ML 3442,8-Oct-24,C:/ram/,94,truck,Diesel,KA,,Verify
181,CID1,KA 03 ML 3443,8-Oct-24,C:/ram/,94,scooter,Petrol,IND,,Verify
182,CID2,KA 03 ML 3444,8-Oct-24,C:/ram/,94,Car,Petrol,KA,,Check
183,CID3,KA 03 ML 3445,8-Oct-24,C:/ram/,94,truck,Diesel,KA,,Verify
184,CID1,KA 03 ML 3403,8-Oct-24,C:/ram/,90,Car,Petrol,KA,,Verify
185,CID2,PY 03 ML 3403,8-Oct-24,C:/ram/,90,truck,Diesel,KA,,Verify
186,CID3,KA 03 ML 3446,8-Oct-24,C:/ram/,91,scooter,Petrol,KA,,Verify
187,CID1,KA 03 ML 3447,8-Oct-24,C:/ram/,92,Car,Petrol,KA,,Verify
188,CID2,KA 03 ML 3448,8-Oct-24,C:/ram/,93,truck,Petrol,RJ,,Verify
189,CID3,KA 03 ML 3449,8-Oct-24,C:/ram/,94,Car,Petrol,KA,,Verify
190,CID1,KA 03 ML 3404,8-Oct-24,C:/ram/,95,truck,Diesel,KA,,Verify
191,CID2,PY 03 ML 3404,8-Oct-24,C:/ram/,96,scooter,Petrol,KA,,Verify
192,CID3,KA 03 ML 3450,8-Oct-24,C:/ram/,97,Car,Petrol,IND,,Verify
193,CID1,KA 03 ML 3451,8-Oct-24,C:/ram/,98,truck,Electric,KA,,Verify
194,CID2,KA 03 ML 3452,9-Oct-24,C:/ram/,99,Car,Electric,KA,,Verify
195,CID3,KA 03 ML 3453,9-Oct-24,C:/ram/,81,truck,Diesel,KA,,Verify
196,CID1,KA 03 ML 3405,9-Oct-24,C:/ram/,76,Car,Petrol,KA,,Verify
197,CID2,PY 03 ML 3405,9-Oct-24,C:/ram/,41,truck,Diesel,KA,,Verify
198,CID3,KA 03 ML 3454,9-Oct-24,C:/ram/,90,scooter,Petrol,KA,,Notify
199,CID1,KA 03 ML 3455,9-Oct-24,C:/ram/,89,scooter,Petrol,KA,,Verify
200,CID2,KA 03 ML 3456,9-Oct-24,C:/ram/,94,Car,Petrol,PY,,Verify
201,CID3,KA 03 ML 3457,9-Oct-24,C:/ram/,94,truck,Diesel,KA,,Notify
202,CID1,KA 03 ML 3406,9-Oct-24,C:/ram/,94,Car,Petrol,KA,,Verify
203,CID2,PY 03 ML 3406,9-Oct-24,C:/ram/,94,truck,Diesel,KA,,Verify
204,CID3,KA 03 ML 3458,9-Oct-24,C:/ram/,94,Car,Diesel,KA,,Verify
205,CID1,KA 03 ML 3459,9-Oct-24,C:/ram/,90,Car,Petrol,KA,,Verify
206,CID2,KA 03 ML 3460,9-Oct-24,C:/ram/,90,scooter,Petrol,TN,,Verify
207,CID3,KA 03 ML 3461,9-Oct-24,C:/ram/,91,Car,Petrol,KA,,Verify
208,CID1,KA 03 ML 3407,9-Oct-24,C:/ram/,92,truck,Diesel,KA,,Verify
209,CID2,PY 03 ML 3407,9-Oct-24,C:/ram/,93,Car,Petrol,NL,,Verify
210,CID3,KA 03 ML 3462,9-Oct-24,C:/ram/,94,truck,Diesel,KA,,Verify
211,CID1,KA 03 ML 3463,9-Oct-24,C:/ram/,95,scooter,Petrol,KL,,Verify
212,CID2,KA 03 ML 3464,9-Oct-24,C:/ram/,96,Car,Petrol,KA,,Verify
213,CID3,KA 03 ML 3465,9-Oct-24,C:/ram/,97,truck,Diesel,KA,,Verify
214,CID1,KA 03 ML 3408,9-Oct-24,C:/ram/,98,Car,Petrol,KA,,Verify
215,CID2,PY 03 ML 3408,9-Oct-24,C:/ram/,99,truck,Diesel,KA,,Verify
216,CID3,KA 03 ML 3466,9-Oct-24,C:/ram/,81,scooter,Electric,IND,,Verify
217,CID2,KA 03 ML 3467,9-Oct-24,C:/ram/,76,Car,Petrol,KA,,Verify
218,CID3,KA 03 ML 3468,9-Oct-24,C:/ram/,41,truck,Diesel,KA,,Verify
219,CID1,KA 03 ML 3469,9-Oct-24,C:/ram/,90,Car,Electric,KA,,Notify
220,CID2,KA 03 ML 3409,9-Oct-24,C:/ram/,89,truck,Diesel,KA,,Verify
221,CID3,PY 03 ML 3409,9-Oct-24,C:/ram/,94,scooter,Petrol,KA,,Verify
222,CID1,KA 03 ML 3470,9-Oct-24,C:/ram/,94,Car,Petrol,KA,,Verify
223,CID2,KA 03 ML 3471,9-Oct-24,C:/ram/,94,truck,Electric,RJ,,Verify
224,CID3,KA 03 ML 3472,9-Oct-24,C:/ram/,94,Car,Petrol,KA,,Verify
225,CID1,KA 03 ML 3473,9-Oct-24,C:/ram/,94,truck,Diesel,KA,,Verify
226,CID2,KA 03 ML 3410,10-Oct-24,C:/ram/,90,scooter,Petrol,KA,,Verify
227,CID3,PY 03 ML 3410,10-Oct-24,C:/ram/,90,Car,Petrol,IND,,Verify
228,CID1,KA 03 ML 3474,10-Oct-24,C:/ram/,91,truck,Petrol,KA,,Verify
229,CID2,KA 03 ML 3475,10-Oct-24,C:/ram/,92,Car,Petrol,KA,,Verify
230,CID3,KA 03 ML 3476,10-Oct-24,C:/ram/,93,truck,Diesel,KA,,Verify
231,CID1,KA 03 ML 3477,10-Oct-24,C:/ram/,94,scooter,Petrol,KA,,Verify
232,CID2,KA 03 ML 3411,10-Oct-24,C:/ram/,95,Car,Petrol,PY,,Verify
233,CID3,PY 03 ML 3411,10-Oct-24,C:/ram/,96,truck,Diesel,KA,,Verify
234,CID1,KA 03 ML 3478,10-Oct-24,C:/ram/,97,Car,Petrol,KA,,Verify
235,CID2,KA 03 ML 3479,10-Oct-24,C:/ram/,98,truck,Diesel,KA,,Verify
236,CID3,KA 03 ML 3480,10-Oct-24,C:/ram/,99,Car,Diesel,KA,,Notify
237,CID1,KA 03 ML 3481,10-Oct-24,C:/ram/,81,Car,Petrol,KA,,Verify
238,CID2,KA 03 ML 3412,10-Oct-24,C:/ram/,76,scooter,Petrol,TN,,Verify
239,CID3,PY 03 ML 3412,10-Oct-24,C:/ram/,41,Car,Petrol,KA,,Verify
240,CID1,KA 03 ML 3482,10-Oct-24,C:/ram/,90,truck,Diesel,KA,,Verify
241,CID2,KA 03 ML 3483,10-Oct-24,C:/ram/,89,Car,Electric,NL,,Verify
242,CID3,KA 03 ML 3484,10-Oct-24,C:/ram/,94,truck,Diesel,KA,,Verify
243,CID1,KA 03 ML 3485,10-Oct-24,C:/ram/,94,scooter,Petrol,KL,,Verify
244,CID2,KA 03 ML 3413,10-Oct-24,C:/ram/,94,Car,Petrol,KA,,Verify
245,CID3,PY 03 ML 3413,10-Oct-24,C:/ram/,94,truck,Diesel,KA,,Verify
246,CID1,KA 03 ML 3486,10-Oct-24,C:/ram/,94,Car,Petrol,KA,,Verify
247,CID2,KA 03 ML 3487,10-Oct-24,C:/ram/,90,truck,Diesel,KA,,Notify
248,CID3,KA 03 ML 3488,10-Oct-24,C:/ram/,90,scooter,Petrol,IND,,Verify
249,CID1,KA 03 ML 3489,10-Oct-24,C:/ram/,91,Car,Petrol,KA,,Verify
250,CID2,KA 03 ML 3414,10-Oct-24,C:/ram/,92,truck,Diesel,KA,,Verify
251,CID3,PY 03 ML 3414,10-Oct-24,C:/ram/,93,Car,Petrol,KA,,Verify
252,CID1,KA 03 ML 3490,10-Oct-24,C:/ram/,94,truck,Diesel,KA,,Verify
253,CID2,KA 03 ML 3491,10-Oct-24,C:/ram/,95,scooter,Petrol,KA,,Notify
254,CID3,KA 03 ML 3492,10-Oct-24,C:/ram/,96,Car,Petrol,KA,,Verify
255,CID1,KA 03 ML 3493,10-Oct-24,C:/ram/,97,truck,Petrol,RJ,,Verify
256,CID2,KA 03 ML 3415,10-Oct-24,C:/ram/,98,Car,Petrol,KA,,Verify
257,CID3,PY 03 ML 3415,10-Oct-24,C:/ram/,99,truck,Electric,KA,,Verify
258,CID1,KA 03 ML 3494,11-Oct-24,C:/ram/,81,scooter,Petrol,KA,,Verify
259,CID2,KA 03 ML 3495,11-Oct-24,C:/ram/,76,Car,Petrol,IND,,Verify
260,CID3,KA 03 ML 3496,11-Oct-24,C:/ram/,41,truck,Petrol,KA,,Verify
261,CID1,KA 03 ML 3497,11-Oct-24,C:/ram/,90,Car,Petrol,KA,,Verify
262,CID2,KA 03 ML 3416,11-Oct-24,C:/ram/,89,truck,Diesel,KA,,Verify
263,CID3,PY 03 ML 3416,11-Oct-24,C:/ram/,94,scooter,Petrol,KA,,Verify
